name,brand,category,sales_volume,sales_volume_per_unit,new,termination,cost
모드락F&B,100번냉면,한식,0,0,0,0,"75,580"
1983에프앤씨,1983김치찌개,한식,0,0,0,0,"41,700"
(주)하륜일만족발,1kg정성담은죽,한식,0,0,0,0,"33,482"
(주)카페원플러스원,1LiTER COFFEE(일리터커피),커피,"51,674","3,072",0,0,"62,510"
더제이푸드,1키로탕수육,중식,0,0,0,0,"21,020"
(주)더블류스텔라,24티에스라운지,기타 외식,"14,981",426,0,0,"236,825"
(주)델리치랩,25카츠,일식,"251,248","11,795",1,4,"82,300"
79푸드컴퍼니(주),79네수육국밥,기타 외식,"398,049","7,559",0,5,"110,600"
(주)티아이컴퍼니(T.I.COMPANY),8선곱창전골,한식,"69,555","6,956",4,3,"51,500"
군계글로벌스,94925닭꼬치,기타 외식,0,0,1,0,"58,300"
(주)빅트리컴퍼니,COFFEE COOK (커피쿡),커피,"147,492","8,536",11,10,"58,650"
커피퍽바이미스터케이,COFFEE PUCK,커피,0,0,0,0,"84,649"
(주)커피니,COFFEENIE,커피,"102,223","3,049",5,17,"11,800"
(주)코리아프렌드,D’ THREE(디쓰리),음료 (커피 외),0,0,0,0,"49,000"
(주)정명에프앤비,FUNKY DONUT,제과제빵,,,0,0,"227,100"
지티에스버거,GTS BURGER,패스트푸드,0,0,6,0,"79,700"
KFCAsiaHoldingsLLC,KFC,패스트푸드,"945,377","14,622",22,9,"417,900"
재경푸드텍,KOKUMI,일식,0,0,0,0,"93,300"
KOOPJA,KOOPJA(꿉자),패스트푸드,"245,357","17,652",2,0,"45,100"
엘에이(LA)코코보일링1,LA코코보일링,한식,0,0,0,0,"148,949"
(주)사실주의컴퍼니,Moku816,커피,0,0,0,0,"65,670"
에스알제이에프엔씨(SRJF&C),OEC통치킨,치킨,0,0,1,0,"5,500"
흥성에프디,One&Two깻잎두마리치킨,치킨,"63,222","4,131",7,11,"29,270"
신스패밀리,PIZZA BLACK 0115(피자블랙0115),피자,0,0,0,0,"48,650"
에스에스오지(SSOG),SSOG,주점,0,0,0,0,"93,300"
7번길(7street),TACO15,기타 외국식,0,0,0,0,"82,700"
신스패밀리,THE PIZZA(더피자),피자,"354,498","21,268",4,2,"48,650"
(주)더광일푸드,THE 팔당,한식,0,0,0,0,"103,450"
(주)웰니스레시피,YOGO FROZEN YOGURT,기타 외식,0,0,0,0,"54,900"
(주)엄마손에프엔비,ㅇㅁㅅ옹기종기엄마손칼국수,한식,0,0,0,0,"83,300"
(주)태승에프앤씨,眞감동낙곱새,한식,0,0,0,0,"59,200"
(주)가드니아,가드니아,제과제빵,0,0,3,0,"729,000"
서가김푸드FC,가든쿡,서양식,"61,205","2,840",58,10,"51,840"
(주)한밭에프앤지,가락곰칼국수,한식,0,0,0,0,"68,030"
(주)미라크,가락동 리어카포차,주점,"99,077","5,146",2,12,"122,350"
(주)풍산지앤에프,가마실감자탕,한식,0,0,0,0,"85,600"
(주)에스앤켄,가우초(Gaucho) 곱창,기타 외식,0,0,0,0,"110,100"
(주)아이언가이즈,가이즈딜리버리,기타 외식,0,0,0,0,"61,850"
푸드리퍼블릭코리아(유),간코,일식,0,,1,1,"102,320"
닭터박,갈비고,한식,0,0,0,0,"56,000"
퍼스트프랜차이즈,갈비오브미,한식,0,0,0,1,"96,740"
(주)아이언가이즈,감자탑,한식,0,0,0,2,"35,633"
(주)나이스패밀리,강남대패&샤브,한식,0,0,0,0,"98,370"
(주)창구에프앤씨,강창구찹쌀진순대,한식,"656,993","11,937",3,4,"99,400"
(주)이바돔,강촌식당,한식,"194,416","6,192",0,0,"115,300"
은솔,개성집,기타 외식,"171,634","2,608",2,17,"102,300"
씨밀레,검은냉면,한식,0,0,0,0,"46,100"
㈜바른에프엔디,경기미당,한식,"88,031","7,954",15,0,"72,200"
(주)아이언가이즈,계념찜닭,한식,"3,148",400,25,18,"35,633"
대성푸드,고기가뜩 김치찜,한식,0,0,0,0,"44,800"
명작에프앤비(주),고기명작,한식,,,0,0,"161,900"
㈜고더컴퍼니,고더커피,커피,0,0,0,0,"69,265"
(주)고동컴퍼니,고동함박,기타 외식,0,0,0,0,"132,000"
(주)고맨드컴퍼니,고맨드버거,패스트푸드,,,0,0,"71,540"
(주)미트킹,고무신,기타 외식,0,0,1,0,"36,650"
(주)지오비에이엔,고반가든,한식,0,0,0,0,"356,180"
(주)지오비에이엔,고반식당,기타 외식,"609,894","12,652",6,0,"139,250"
고집불통식빵싸부,고집불통식빵싸부,제과제빵,0,0,0,2,"83,300"
(주)더맛있는생각,고향옥얼큰순대국,한식,"694,957","19,281",3,3,"110,000"
(주)정담에프앤비,곤트란쉐리에(Gontran Cherrier),제과제빵,0,0,2,0,"314,150"
(주)제이스타임,곰브라더스,기타 외식,0,0,0,3,"65,450"
곰챙이,곰챙이,한식,,,0,0,"120,700"
쉐프의연구소,곱창에 걸다,한식,0,0,13,0,"58,400"
㈜커머스인터네셔널,곱창의품격,한식,0,0,0,0,"46,100"
(주)공만치킨,공만치킨,치킨,0,0,23,6,"69,495"
공주닭발,공주닭발,한식,0,0,0,0,"57,650"
(주)홀릭코퍼레이션,과일에반하다.프루타,음료 (커피 외),0,0,13,1,"74,600"
곽쌍동할매메밀막국수국밥,곽쌍동할매메밀막국수국밥,한식,,,0,0,"79,450"
닭터박,광수네 전골,한식,0,0,0,0,"56,000"
(주)청춘에프앤비,구구닭발,주점,0,0,0,0,"73,150"
구수한사람들(주),구수옥,한식,0,0,0,0,"285,700"
구수한사람들(주),구수회,일식,0,0,0,0,"285,700"
(주)구여사컵밥,구여사 컵밥,한식,0,0,0,0,"42,800"
스마일딜리버리푸드,국대배달삼겹&갈비,한식,0,0,1,0,"45,000"
국민감자탕,국민감자탕,한식,0,0,0,0,"128,500"
국민푸드,국민닭발,기타 외식,"350,872","18,045",0,3,"64,150"
치킨튀기는영양사,국민통닭,치킨,0,0,1,0,"59,800"
국밥관정,국밥관,한식,0,0,0,0,"98,800"
그집푸드,국밥도감,한식,,,0,0,"52,800"
㈜딜리버링,국밥생각,한식,"100,623","7,509",4,0,"40,050"
엘에스리테일,국보미역,한식,0,0,0,0,"80,000"
케이씨컴퍼니,국사랑,한식,"110,776","8,236",19,8,"58,100"
(주)에프엠투,국제갈비,한식,0,0,0,1,"129,900"
그남자의돼지갈비,그남자의 돼지갈비,한식,0,0,1,1,"80,900"
그놈들컴퍼니,그놈포차,한식,"183,845","7,805",9,0,"75,480"
(주)시원전설의푸드,그대로통닭,치킨,,,0,0,"45,800"
삼거리시장국수&냉면상인점,그래 순살만,한식,0,0,0,0,"17,831"
(주)아이언가이즈,그린텃밭,기타 외식,0,0,0,0,"93,860"
그집푸드,그집곱닭도리탕,한식,0,0,48,9,"52,800"
"(주)에프앤비스페이스(F&BSpaceCo.,Ltd.)",글린정원,서양식,0,0,0,0,"472,700"
금계총판㈜,금계통닭,한식,0,0,0,0,"35,540"
금상수상쉐프의맛좋은족발,금상족발,기타 외식,0,0,0,0,"50,426"
(주)비티브랜즈코리아,기기커피,커피,,,1,1,"74,000"
(주)올림엔터프라이즈,기센국밥,한식,0,0,0,1,"62,800"
길닭,길닭,치킨,0,0,1,1,"59,630"
(주)길성이,길성이,한식,"279,848","3,186",0,5,"277,120"
(주)길성이,길성이가집으로,한식,0,0,0,0,"43,800"
(주)길성이,길성이꼬기꼬기,한식,0,0,0,0,"68,700"
(주)길성이,길성이닭발,한식,0,0,0,0,"46,900"
(주)길성이,길성이삼계탕,한식,0,0,0,0,"196,100"
(주)길성이,길성이치킨,치킨,0,0,0,4,"198,120"
(주)해랑에프엔비,김못참,한식,0,0,0,0,"56,500"
(주)봉남푸드,김봉남포장마차,주점,"168,694","7,600",0,0,"72,950"
더블비코리아,김봉환의오류닭발,한식,0,0,0,0,"81,300"
김삼구-김치삼겹구이,김삼구,한식,0,0,0,0,"63,050"
(주)대단한에프앤비,김준호의대단한커피,커피,0,0,2,0,"67,350"
(주)아이언가이즈,김치백서,한식,0,0,0,0,"50,380"
(주)지오비에이엔,김치옥,한식,0,0,1,0,"112,300"
짱가네,김태진PorkFork(포크포크),기타 외식,0,0,1,4,"49,830"
(주)솔트앤슈가,김피라(kimpira),분식,"89,971","3,528",1,2,"138,200"
좋은일을만드는사람들,깍두기,기타 외식,0,0,0,0,"107,000"
(주)깐깐한패밀리,깐깐한족발,기타 외식,"1,109,973","31,384",3,3,"135,650"
(주)깐부,깐부치킨,치킨,"258,247","9,798",4,23,"108,000"
(주)마중물컴퍼니,꺼꾸잽이 초장집,기타 외식,0,0,4,0,"78,500"
(주)동은에프엔씨,꼬기냉면,한식,0,0,1,2,"79,800"
꼬꼬스토리,꼬꼬STORY(꼬꼬스토리),기타 외식,0,0,1,2,"42,900"
(주)더콥,꼬꼬봉투통닭,치킨,,,0,1,"33,450"
일당백,꼬꼬장작,치킨,0,0,0,0,"94,300"
비범한녀석들,꼬치공방,기타 외식,0,0,0,0,"80,000"
꽂따,꽂따,치킨,0,0,0,0,"149,300"
꽃보다파스타,꽃보다파스타,서양식,0,0,0,0,"75,150"
(주)꽃비,꽃비 flower rain,일식,0,0,0,0,"93,600"
닭터박,꾸이한끼,기타 외식,"64,202","4,596",77,17,"56,000"
꿀때기,꿀때기,한식,0,0,0,0,"8,700"
(주)함께담는물,나홀로보쌈,한식,0,0,0,0,"31,430"
(주)행복을만드는사람들,낙원갈비집,한식,"478,758","6,967",1,0,"294,630"
(유)난타5000,난타5000피자,피자,"115,847","9,190",0,0,"65,700"
(주)제이피파트너스,남대문 칼국수,한식,0,0,0,0,"74,500"
(주)오버플로우,남도분식,분식,"233,641","35,433",4,5,"108,100"
(주)올라스에프앤씨,남파랑국밥,한식,0,0,0,0,"99,450"
낭만닭발,낭만닭발,기타 외식,0,0,0,2,"102,600"
낭만시스터,낭만시스터,기타 외식,0,0,0,0,"51,150"
내가이나라의국수다가맹본부,내가이나라의국수다,한식,0,0,3,0,"61,850"
(주)내조국국밥,내조국국밥,한식,"356,023","10,471",8,1,"125,600"
금화푸드.냠냠숯불두마리치킨,냠냠숯불두마리치킨,치킨,"194,437","15,280",29,10,"46,100"
(주)티엘에프앤씨,노가리&BEER,기타 외식,"105,910","3,979",7,30,"72,770"
(주)리앤브라더스컴퍼니,노군꼬치,기타 외식,"183,483","9,639",11,13,"73,200"
제이비패밀리컴퍼니,노랑분식,분식,0,0,0,0,"69,000"
노성일참치,노성일참치,기타 외식,0,0,0,0,"93,000"
(주)숲풀림식품,놀란곱창,한식,"54,615","4,468",0,0,"64,700"
(주)숲풀림식품,놀란돼지,한식,"105,148","3,850",0,0,"64,700"
(주)아디씨,놀러와플,제과제빵,0,0,10,0,"46,100"
농담,농담,서양식,0,0,0,0,"62,700"
(주)수혁,뉴욕버거,패스트푸드,"260,698","11,767",31,18,"102,050"
(주)티앤엠디,뉴욕쟁이디저트,커피,"74,495","4,936",36,9,"82,750"
진F&S,다기몽,치킨,,,0,0,"65,350"
신미푸드시스템,다꾸바숯불두마리치킨,치킨,0,0,0,0,"39,720"
(주)아이언가이즈,다미조,주점,0,0,0,0,"35,633"
닥치고곱창,닥치고곱창,한식,"115,989","9,061",3,5,"66,050"
봄봄식탁,단당,분식,0,0,0,0,"52,600"
단물곤물,단물곤물,한식,"119,233","4,437",0,2,"140,720"
단성무이,단성무이,주점,0,0,0,0,"139,170"
세화푸드,달떡볶이,분식,"297,890","33,145",41,1,"61,050"
(주)더불어함께하는세상,달려라봉쥬비어,주점,0,0,0,11,"51,150"
(주)제이에스인터푸드,달빛맥주,주점,"88,105","4,301",9,19,"60,300"
(주)닥인흥업,닭갈비제작소,한식,"43,153","7,869",0,8,"106,700"
(주)한국인,닭광정,치킨,"133,755","12,660",0,0,"67,900"
㈜헬로에프앤비,닭대장,기타 외식,"153,953","7,697",0,0,"109,700"
닭터박,닭도리 뉴욕가다,한식,0,0,0,0,"56,000"
닭터박,닭터박강정떡볶이,분식,"11,209",850,5,8,"56,000"
(주)아이언가이즈,닭터케이,한식,0,0,0,0,"109,910"
(주)담미온에프앤비,담미온,한식,"499,070","16,052",4,4,"130,800"
대관령푸드,대관령양푼이동태찌개,한식,"193,415","4,153",1,1,"89,497"
그집푸드,대박삼겹김치찜&초대박등갈비김치찜,한식,0,0,53,0,"52,800"
(주)대대손손,대손관,분식,"786,665","15,723",1,2,"152,000"
대한컴퍼니,대한맥주집,치킨,"119,474","4,960",2,5,"88,000"
대한민국만세삼계탕,대한민국 만세 삼계탕,한식,0,0,1,0,"109,500"
치킨89,대한치킨보감,치킨,0,0,0,0,"65,150"
대한컴퍼니,대한치킨집,치킨,0,0,0,0,"55,300"
(주)씨피알프로젝트,더담덮밥,한식,0,0,0,0,"60,750"
더만족,더만족,한식,"334,445","8,993",1,5,"101,900"
더맨타코본점,더맨타코,서양식,0,0,3,0,"60,046"
세영이지(주),더베이크,제과제빵,"211,047","12,240",6,7,"86,900"
(주)프리스코,더브라운(THE BROWN),제과제빵,"272,349","6,457",0,4,"201,572"
(주)제이에스케이에프앤비,더블핸드스테이크,기타 외식,0,0,0,5,"61,500"
지오디,더썬치킨,치킨,"97,279","4,045",1,2,"45,665"
더크로플,더크로플,커피,0,0,1,0,"62,050"
(주)그레이스식품,더하고부대찌개,기타 외식,"291,241","8,544",1,0,"115,300"
㈜씨피알프로젝트,덕수파스타,서양식,0,0,34,1,"58,825"
(주)테이스티브라더스,덮밥 장사장,기타 외식,0,0,0,0,"18,125"
(주)아이언가이즈,덮밥제작소,한식,0,0,0,0,"35,633"
(주)아지트메이커,도담치킨,치킨,"258,851","23,531",0,8,"114,400"
한국주방뱅크,도도한돈,한식,0,0,0,0,"216,800"
도리도리닭도리탕,도리도리닭도리탕,한식,0,0,2,0,"8,690"
D.RHOLDINGS,도리명가,한식,"179,709","6,589",0,0,"122,150"
(주)일프로,도시락정거장,기타 외식,0,0,0,0,"44,550"
도조스시,도조스시,일식,,,2,0,"71,300"
(주)참쉬운푸드솔루션,돈갓,서양식,"198,859","9,127",35,46,"25,000"
돈기부여,돈기부여,기타 외식,"139,068","11,371",20,23,"31,900"
그집푸드,돈돼기리 갈비찜,한식,0,0,7,0,"52,800"
돈더미,돈무디,한식,0,0,1,0,"137,500"
(주)호랑이푸드,돈부리 파스타,기타 외국식,0,0,0,0,0
돈카와치돈까스앤우동,돈카와치,일식,"217,761",0,3,0,"40,600"
읍천리382가맹본부,동가리카페,음료 (커피 외),0,0,0,0,"83,600"
더제이푸드,동까스1988,일식,0,0,0,0,"21,350"
(주)함께담는물,동래1957백갈비식당,한식,0,0,0,0,"92,750"
(주)동네방네,동방생고기,한식,,,0,0,"82,560"
의정부동오부대찌개,동오부대찌개,기타 외식,0,0,0,0,"64,020"
(주)위푸드마켓,돼지33,한식,"249,181","22,842",0,3,"53,900"
돼지청문회본사돼지청문회축산,돼지청문회,한식,0,0,0,1,"85,600"
두강곱창광교직영점,두강곱창,기타 외식,0,0,0,0,"118,850"
(주)아이언가이즈,두돈까스,한식,"37,983","2,291",45,16,"35,633"
두들리도넛행리단길점,두들리도넛,기타 외식,0,0,0,0,"87,855"
두부품은육개장,두부품은육개장,한식,0,0,0,0,"93,300"
(주)자력갱생,두잇다이어트,기타 외식,0,0,12,0,"37,905"
두레푸드,두죽,한식,0,0,28,0,"37,300"
은강푸드,두툼,일식,0,0,0,0,"18,600"
(주)도브라더스,드래곤스퀘어디트로이트피자,피자,,,0,0,"121,330"
(주)다도글로벌,드롭탑(DROPTOP),커피,,,32,48,"113,169"
(주)프랜푸드,땅땅치킨,치킨,"159,074","8,137",53,67,"90,418"
땡초불날개(땡불)&불곱창,땡초불날개&불곱창,한식,0,0,0,0,"24,000"
(주)이루에프씨,땡큐맘치킨,치킨,"114,081","7,746",0,4,"49,400"
씨밀레,떡갈비주는 도시락,한식,0,0,4,0,"46,100"
(주)신우푸드,떡군이네떡볶이,분식,"193,447","14,711",150,21,"52,400"
깨비F&B,떡깨비,분식,"82,003","6,292",0,28,"33,880"
스타푸드시스템,떡볶이스타,분식,"16,782","1,568",1,5,"47,300"
떡볶이의대부,떡볶이의대부,분식,0,0,0,0,"45,450"
(주)얏트코리아,떡작,분식,0,0,2,0,"47,100"
또오리,또오리,한식,0,0,0,0,"256,100"
뚱볶이,뚱볶이,분식,"83,749","5,874",9,8,"14,300"
오드리인터내셔널,뜰커피,커피,"155,021","6,005",4,3,"98,800"
블루빈컴퍼니(주),라떼킹(Latteking),커피,"89,658","4,684",0,1,"82,300"
서가김푸드FC,라라 수제와플,제과제빵,0,0,1,1,"105,300"
라라맨숀,라라맨숀,주점,0,0,0,0,"103,750"
라라카츠,라라카츠,기타 외식,0,0,0,0,"81,800"
(주)아이언가이즈,라라피자(Lala pizza),피자,0,0,0,0,"124,000"
(주)라붐팩토리,라붐커피(LABOOM COFFEE),커피,0,0,0,0,"270,150"
더맛있는,라온수제돈가스,기타 외식,0,,5,0,"64,700"
(주)제이이아이컴퍼니,라헬의부엌,기타 외식,"240,000","8,983",1,0,"139,250"
라홍부(주),라홍부마라탕,중식,0,0,0,0,"78,300"
(주)제이스타임,레드락,주점,0,0,0,6,"79,420"
(주)케이디앤아이,레이지앤코(LAZY & CO),커피,0,0,2,0,"86,360"
(주)레인드랍커피,레인드랍커피,커피,,,1,0,"56,220"
(주)드림필드코리아,로마로사,제과제빵,0,0,0,0,"8,700"
(주)로봇에프앤비,로봇김밥,분식,"220,387","16,151",0,3,"99,075"
손이가(sonEga),로크마데이(LOKMA DAY),기타 외식,0,0,0,0,"46,280"
(주)해준식품,로플로플(Rofle Rofle),기타 외식,"76,966","4,486",23,7,"6,235"
(주)류가본가,류가본가,한식,0,0,0,0,"106,500"
리얼그릴스테이크220,리얼그릴스테이크220,서양식,,,0,0,"8,500"
리얼파스타,리얼파스타,한식,0,0,4,4,"69,660"
림스상사,림스치킨,치킨,"108,505","5,602",27,18,"51,000"
링스보스턴,링스보스턴,커피,0,0,0,0,"79,100"
(주)엠피대산,마노핀,커피,"41,699","2,527",0,7,"136,920"
마뇨떡볶이,마뇨떡볶이,분식,0,0,1,4,"154,400"
라이크잇키친(LikeeatKitchen),마니피자(MANI PIZZA),피자,0,0,0,0,"94,100"
㈜공유영웅,마라영웅,중식,"548,088","24,225",21,0,"52,600"
씨밀레,마라제작소,중식,0,0,0,0,"46,100"
씨밀레,마라차돌떡볶이,분식,0,0,0,0,"46,100"
마루앤F/D,마루샤브,기타 외식,"804,724","5,245",0,8,"415,200"
마루앤F/D,마루앤국시,한식,0,0,0,0,"308,100"
(주)마리킹,마리왕,분식,0,0,0,1,"69,000"
(주)올림엔터프라이즈,마선생마약국밥,한식,"150,178","8,216",27,33,"62,300"
(주)카오라이프,마스터쿡,한식,0,0,0,0,"89,000"
동탄마약떡볶이본점,마약떡볶이 동탄마떡,분식,0,0,3,0,"48,420"
(주)채움에프앤비,마이크로로스터즈,커피,0,0,0,0,"70,109"
마카국밥국수본점,마카국밥,한식,0,0,0,0,"65,920"
출사표협동조합,마틸다,기타 외식,0,0,0,0,"104,000"
(주)숲풀림식품,마포껍데기,한식,0,0,0,0,"64,000"
더율에프앤비,마포닭발,한식,0,0,2,1,"41,800"
(주)하륜일만족발,막국수파는집,한식,0,0,0,0,"13,200"
맛있는에프앤비(F&B),만나고쪽갈비가,한식,"107,721","4,454",5,7,"63,050"
(주)만뽀당,만뽀,일식,,,0,0,"143,000"
만푸쿠,만푸쿠,일식,0,0,0,0,"64,700"
(주)맘스푸드,맘스케익,제과제빵,"82,730","5,238",11,5,"70,895"
리브가푸드시스템(주),맛나감자탕,한식,"526,128","6,322",4,6,"159,900"
리브가푸드시스템(주),맛나분식,분식,0,0,0,0,"109,500"
(주)이지푸드,맛없으면 환불해주는 장군집,한식,"254,992","25,499",4,13,"32,071"
장인푸드,맛있게매운(빨석구)빨간석쇠구이,치킨,"149,035","8,208",0,9,"46,450"
(주)아쌤프랜차이즈,맛지비불꼬막짬뽕,중식,0,0,1,0,"140,600"
블루밀,망향비빔국수,한식,"495,632","9,082",9,6,"174,300"
(주)맥시칸,맥시칸치킨,치킨,"99,864","7,757",16,42,"29,300"
제이비패밀리컴퍼니,맥아더떡볶이&포장맛차,분식,0,0,0,0,"112,400"
(주)해살이뜰,메밀골동해막국수,한식,"462,395","6,212",0,0,"132,800"
(주)일공공코리아,메밀당막국수,한식,0,0,3,0,"68,200"
닭터박,메칸더김밥,분식,0,0,0,0,"56,000"
(주)아라에프엔비,멕시칸요녀석,기타 외국식,"187,019","9,563",3,6,"27,500"
명가온김밥본점,명가온김밥,분식,0,0,1,0,"71,300"
(주)봉원에프앤비,명동할머니국수,기타 외식,"153,711","10,056",2,6,"68,980"
(주)엠디에프시파트너스,모두국밥,한식,0,0,0,2,"80,300"
(주)엠디에프시파트너스,모두뼈다귀감자탕,한식,"317,767","27,082",12,2,"52,030"
닭터박,모모의 삼계탕,한식,0,0,0,0,"56,000"
(주)서울스토리,모소리,기타 외식,"278,838","17,196",3,1,"107,300"
꿈꾸는식탁,모심뚝배기,한식,0,0,0,0,"65,700"
(주)엠엔에스에프,모자온달,기타 외식,"130,323",0,6,0,"52,470"
(주)마스터코리아,모캄보,커피,"119,176","2,326",2,6,"150,400"
(주)사실주의컴퍼니,모쿠네 떡볶이,분식,0,0,0,0,"67,980"
(주)팀브로,목구멍,한식,"651,463","20,915",34,0,"121,400"
(주)야베스코리아,몬스터스시&사시미,일식,"609,928","41,776",1,0,"117,750"
엔타스시,무모한 족발&보쌈,한식,0,0,0,0,"67,120"
엔타스시,무모한 치킨,치킨,0,0,0,0,"67,120"
엔타스시,무모한 커피,커피,0,0,0,0,"67,120"
엔타스시,무모회,일식,0,0,0,0,"67,120"
정상FC,무원골 흑돈대패,한식,0,0,0,0,"101,200"
닭터박,미구엘의 돈까스가게,기타 외식,0,0,0,0,"56,000"
(주)짬뽕관,미미 된장집,한식,0,0,0,0,"145,700"
(주)짬뽕관,미미 찌개방,한식,0,0,0,0,"145,700"
(주)호박패밀리,미미담(美味啖),한식,,,0,1,"132,450"
이룸커뮤니케이션,미미당,분식,"60,198","2,087",4,2,"81,950"
(주)밀빛,미사리밀빛초계국수,한식,"279,924","6,287",1,3,"82,700"
(주)미금,미사옥,한식,0,0,1,0,"67,150"
미사화로,미사화로,한식,0,0,0,0,"66,800"
더뚜껑스솥뚜껑삼겹살,미삼집,한식,0,0,1,0,"12,000"
(주)자력갱생,미세스복희,분식,0,0,0,0,"44,942"
예령산업,미소그릴,한식,0,0,0,0,"22,000"
(주)엠피대산,미스터피자&떡볶이,분식,0,0,0,0,"107,500"
(주)엠피대산,미스터피자,피자,"255,129","8,684",35,52,"174,884"
보승FC,미쓰족발,기타 외식,"246,749","8,524",1,4,"99,520"
(주)지오비에이엔,미월당,분식,0,0,1,1,"95,500"
(주)수정,미쳐버린파닭,치킨,"94,309","5,073",2,14,"28,100"
(주)올바른에프앤비,미카도스시,일식,"664,490","23,041",19,6,"136,450"
미콩커피본사,미콩커피,커피,"200,000","8,450",0,0,"50,050"
(주)디에이치엠,미쿡비빔밥,한식,0,0,0,0,"19,150"
푸드리퍼블릭코리아(유),미쿡식당,서양식,"484,843","15,392",0,0,"129,960"
(주)엠피대산,미피샌드,패스트푸드,0,0,0,0,"107,500"
(주)제이피파트너스,민속식당,한식,0,0,0,0,"80,000"
(주)한소반,밀숲,기타 외식,"305,359","16,024",0,4,"108,015"
㈜맥스원이링크,바나타이거,커피,0,0,0,0,"93,250"
(주)에스에프코퍼레이션(SFCORPORATION),바다가 내손아귀,한식,0,0,5,0,"42,570"
하나유통,바로그집,분식,"190,970","10,067",0,3,"99,900"
바로심김밥,바로심김밥,분식,0,0,0,0,"10,800"
엔타스시,바로한죽,한식,0,0,0,0,"67,120"
(주)즐거운세상,바르미샤브샤브n칼국수,기타 외식,"529,990","4,945",0,3,"581,600"
(주)즐거운세상,바르미샤브칼국수,기타 외식,0,0,0,0,"38,090"
(주)즐거운세상,바르미스시뷔페,일식,0,0,0,0,"587,800"
(주)이루에프씨,바른치킨,치킨,"288,348","16,223",110,34,"43,900"
바름카츠,바름카츠,한식,0,0,0,0,"17,831"
더제이푸드,바리스타미스김,커피,0,0,0,0,"21,350"
닭터박,박가네 갈비찜찜찜,한식,0,0,0,0,"56,000"
발리인망원,발리인망원(Bali in Mangwon),기타 외국식,0,0,0,0,"94,829"
(주)맛있는상상,밥엔청국장,한식,0,0,0,0,"83,500"
(주)비엠에프앤비,밥풀릭스,한식,0,0,0,0,"9,800"
방실이네,방실꼬,중식,0,0,0,0,"51,150"
(주)방일에프씨,방일해장국,한식,"203,132","4,722",2,2,"88,600"
배달삼겹맛있으면돼지,배달삼겹 맛있으면돼지,한식,0,0,0,0,"54,750"
배달육회육회한가득,배달육회 육회한가득,한식,0,0,1,0,0
(주)용형,배달킹안춘배,기타 외식,0,0,1,1,"49,500"
(주)건담,배배꼬,제과제빵,"247,546","10,869",10,1,"181,080"
엔타스시,백석해장국,한식,0,0,0,0,"67,120"
(주)일공공에프앤피,백억하누,한식,0,0,0,0,"200,000"
(주)일공공에프앤피,백억하누돈,한식,0,0,0,0,"150,500"
마루앤F/D,백오도찹쌀누룽지탕,기타 외식,0,0,0,0,"131,000"
백청우칼국수,백청우칼국수,한식,"502,572","11,912",0,0,"140,080"
㈜자력갱생,버거 라이크 잇,패스트푸드,0,0,0,0,"87,295"
버거비앤비,버거 비앤비,패스트푸드,0,0,0,0,"63,600"
보승FC,버거리(BURGERRY),패스트푸드,0,0,2,0,"75,350"
(주)월드베브릿지,베브릿지,기타 외식,"112,031","5,392",2,3,"112,040"
(주)더블류스텔라,별컵맥주,치킨,0,0,0,0,"65,100"
(주)병천아우내식품,병천황토방순대,기타 외식,"106,051","4,156",0,2,"17,500"
(주)올림엔터프라이즈,보람치킨,치킨,0,0,0,0,"42,800"
보스참치,보스참치 Boss Tuna,일식,0,0,18,0,"30,230"
보승FC,보승대한족발집,기타 외식,0,0,1,1,"74,410"
보승FC,보승회관,한식,"508,618","12,020",5,1,"98,670"
(주)에스엔인더스트리,복고다방,커피,0,0,16,2,"58,100"
복터진집금오산직영점,복터진집,한식,0,0,0,0,"159,822"
본가어탕,본가어탕,한식,"282,053","5,546",0,0,"99,600"
(주)본푸드시스템,본까쓰,일식,0,0,0,0,"158,467"
(주)본푸드시스템,본까쓰델리카페,일식,0,0,0,0,"65,000"
(주)본푸드시스템,본까쓰미니스탠드,일식,0,0,0,0,"65,000"
(주)푸름에프앤에스,본말감자탕,한식,0,0,8,1,"50,410"
(주)티지와이,본연제 유황먹인 닭한마리&칼국수,한식,0,0,0,0,"51,300"
참본F&S,본토막창,기타 외식,0,0,0,0,"90,200"
두루와(주),본품딜리버리,기타 외식,0,0,0,0,0
두루와(주),본품삼계탕,한식,0,0,0,0,"84,950"
(주)비케이엠,본호두(BON HODU),제과제빵,,,0,0,"34,020"
(주)브레이브브라더스,봄설,한식,"1,055,006","15,936",8,2,"193,050"
(주)부자이웃,봉구스밥버거,기타 외식,"79,177","7,105",23,71,"40,200"
(주)푸드봉에비뉴,봉수육,한식,0,0,0,0,"104,000"
봉쥬르와인살롱,봉쥬르 와인살롱,서양식,0,0,1,0,"90,100"
(주)링크온유,부드럽소,기타 외식,"464,412","10,335",3,0,"157,460"
동행푸드,부뚜막김치찜,한식,0,0,0,0,"18,700"
비엘컴퍼니,부리또리(Burrito Lee),기타 외국식,0,0,0,0,"52,600"
꿈꾸는식탁,부산식객,분식,,,1,0,"65,700"
(주)호윤크리에이티브,부산양대창,기타 외식,0,0,0,3,"64,600"
(주)에스피에스인터네셔널,부엌익스프레스,기타 외식,0,0,3,0,"19,500"
부자김밥라면,부자 김밥 라면,한식,0,0,0,0,"85,500"
(주)브라운에프앤씨,분식회사 떡심,분식,"79,619","4,524",12,4,"54,100"
(주)별동부대,분짜라붐,기타 외국식,"356,985","8,562",0,1,"175,000"
불간짬뽕,불간짬뽕,중식,"262,929","9,036",4,1,"60,500"
(주)핫시즈너,불닭발땡초동대문엽기떡볶이,기타 외식,"642,373","31,879",16,21,"100,172"
(주)볼드4,브럭시,서양식,0,0,2,0,"140,700"
알레프인터랙티브(주),브롤빈(BROLLBIN),제과제빵,0,0,0,0,"104,500"
(주)브알라,브알라,아이스크림/빙수,"216,962","9,934",4,3,"85,190"
블랙모티브커피,블랙모티브커피,음료 (커피 외),,,0,0,"66,200"
비범한녀석들,비범한 꼬치,기타 외식,,,0,0,"80,000"
씨밀레,비빔밥브라더,한식,0,0,4,0,"46,100"
(주)에스와이네트웍스,비어팩토리,주점,,,0,4,"104,000"
(주)청춘에프앤비,비에스치킨(BS Chicken),치킨,0,0,0,0,"71,500"
비에이블스터디(주),비에이블스터디카페,커피,0,0,0,0,"198,100"
(주)제이엠케이,비엔나커피하우스,커피,"171,213","3,082",0,6,"167,600"
더제이푸드,빅카투사피자,피자,0,0,0,0,"21,350"
빌런(구시청점),빌런,주점,0,0,2,0,"192,500"
(주)빛가람에프앤비,빛가람국밥,기타 외식,"200,397","4,657",3,2,"105,463"
농업회사법인구삐(주),빡빡이삼촌뒷고기,기타 외식,0,0,0,0,"97,600"
빨간자전거,빨간자전거,분식,"162,451","12,762",1,0,"71,600"
장인푸드,빨석구떡볶이,분식,0,0,0,0,"72,400"
장인푸드,빨석구족발,한식,0,0,0,0,"101,000"
뼈도둑감자탕,뼈도둑감자탕,한식,0,0,0,0,"67,160"
뼈탄집,뼈탄집,한식,,,0,0,"109,500"
원에프씨(주),뿅가야채곱창,기타 외식,"62,850","3,599",31,15,"40,298"
(주)밀리앤컴퍼니,뿌루밀리(pulu mylly),커피,0,0,1,0,"67,350"
(주)음식생각,삐싱궈,중식,,,0,0,"91,617"
(주)마세다린,사바사바치킨앤비어,치킨,"221,867","67,232",0,0,"50,800"
(주)다담푸드,삼대족발,한식,"356,374","8,252",6,7,"99,360"
(주)알앤씨,삼돈이,한식,"237,794","7,293",0,5,"103,250"
삼진식품(주),삼진어묵당,분식,0,0,4,0,"59,520"
삼치기,삼치기,한식,0,0,1,0,"43,450"
푸드메이트,상문이두마리숯불양념치킨,치킨,"111,889","5,313",6,12,"28,550"
닭터박,상민이네 닭갈비,한식,0,0,0,0,"56,000"
서가김푸드FC,상상식당,기타 외식,0,0,0,0,"115,200"
상튀치킨,상튀치킨,치킨,0,0,0,0,"73,800"
도움유통,새우치킨덤,치킨,0,0,15,0,"30,800"
(주)워크위드에프앤씨,샐러드샵,기타 외식,0,0,0,0,"53,160"
(주)푸름푸름,샐요일,기타 외식,0,0,6,0,"72,394"
(유)샘물에프앤비,샘물맥주,주점,"224,333","9,870",0,0,"66,100"
제이씨푸드(주),생생쭈꾸미,한식,0,0,2,0,"91,723"
(주)채선당,샤브보트,한식,"305,143","16,249",5,2,"132,967"
위드몬,샤브쌈주머니,한식,"562,522","6,339",3,10,"107,300"
샤브테이,샤브테이,한식,0,0,0,0,"216,200"
(주)샤빙,샤빙,아이스크림/빙수,,,0,0,"32,500"
서가김푸드FC,서가 김푸드 연수해물나라,기타 외식,0,0,0,1,"101,860"
㈜서청푸드,서청미역,한식,0,0,0,0,"54,759"
(주)얌얌레시피,석봉이네 가래떡볶이,분식,0,0,0,0,"54,450"
(주)와이비에프,선비꼬마김밥,분식,"200,497","19,174",44,19,"56,585"
성윤국가대표앤알곤이찜,성윤국가대표아구찜앤알곤이찜,한식,0,0,22,11,"26,200"
성윤국가대표앤알곤이찜,성윤이네닭슈퍼,한식,0,0,0,0,"26,200"
(주)아이언가이즈,세겹단,한식,0,0,0,0,"39,833"
(주)맥스원이링크,셀렉토커피,커피,"100,761","5,287",0,65,"80,700"
(주)제이오푸드,소곱녀,한식,0,0,1,0,"100,900"
소확행피자,소확행피자,피자,0,0,0,0,"85,250"
은솔,속초해물알찜,한식,0,0,0,0,"50,300"
손큰,손큰국밥,한식,"189,182","8,214",7,0,"92,700"
손큰,손큰할매순대국,한식,"258,684","11,281",36,0,"92,700"
(주)호도리컴퍼니,솔밭샤부,일식,0,0,0,0,"76,900"
(주)솔솥,솔솥,한식,0,0,7,0,"140,207"
(주)솔트앤슈가,솔트앤슈가,음료 (커피 외),0,0,1,2,"60,250"
(주)송담,송담추어탕,한식,"296,108","5,466",11,15,"86,000"
솥돈,솥돈,한식,0,0,0,0,"116,500"
(주)시원전설의푸드,솥뚜껑바베큐통닭,치킨,"93,263","8,248",0,2,"50,950"
수경수제만두,수경수제만두,분식,0,0,0,0,"8,100"
수니열닭발,수니열닭발,한식,0,0,1,2,"51,220"
(주)수다에프앤비,수다떠는 오징어,일식,0,0,1,0,"69,075"
최가네푸드,수라원찜갈비,한식,0,0,0,0,"64,700"
(주)수미가,수미포차,주점,0,0,0,0,"81,650"
수백당에프앤비,수백당,한식,0,0,1,0,"78,200"
(주)정인,수셰프치킨,치킨,"37,123","2,217",24,12,"29,790"
서가김푸드FC,수수카츠 돈카츠&김치찌개,기타 외식,0,0,1,1,"105,300"
㈜커머스인터네셔널,수원성대곱창,한식,0,0,0,0,"104,400"
(주)마스터아이디,수유리혼밥왕,한식,"225,740","16,173",103,38,"35,787"
(주)정인,수카페24,커피,"16,297","3,320",8,0,"36,850"
(주)아이언가이즈,숙달돼지,기타 외식,"351,993","7,393",3,4,"161,794"
(주)플레이봇닭,순살일번지,치킨,,,0,0,"119,700"
(주)디에이치엠,순수빙떡,아이스크림/빙수,0,0,0,0,"19,150"
탄계명가,숯불에닭,한식,"286,982","11,070",12,1,"85,820"
(주)미가랑푸드,쉐프스 그릴(Chef's grill),서양식,0,0,0,0,"65,170"
슈케익하우스본사,슈케익하우스(Chou Cake House),제과제빵,"132,638","11,289",4,6,"58,000"
마테호른,슈퍼막셰,서양식,0,0,1,0,"135,900"
(주)디온코리아,스낵얌,분식,0,0,0,0,"83,650"
스모프치킨옥계점,스모프치킨,치킨,,,0,0,"40,600"
마시토,스시마시토,일식,"427,027","20,751",1,0,"52,690"
스시카츠,스시카츠,일식,"300,361","16,663",1,0,"64,950"
(주)느리게걷기,스위트99,기타 외식,0,0,0,0,"77,085"
쉐프의연구소,스테이크존,서양식,0,0,37,15,"58,400"
원엔원f&s,슬기롭다 전골인생,한식,"52,579","2,954",8,1,"40,700"
(주)더슬로우컴퍼니,슬로우캘리,서양식,"317,704","24,439",41,1,"75,600"
(주)라이프키친,슬림비빔밥,한식,0,0,0,0,"66,350"
시계곱창,시계곱창,한식,0,0,0,0,"47,650"
코아FS,시골통돼지볶음,한식,"248,054","7,827",5,1,"27,392"
신깡통뒷고기본사,신깡통뒷고기,한식,0,0,0,0,"72,100"
(주)신들의정원,신돈,일식,0,0,0,0,"104,200"
정통춘천닭갈비,신미경정통춘천닭갈비,한식,0,0,0,0,"149,300"
신미방식품,신미방마라탕,중식,0,0,6,0,"70,310"
오아수산,싱싱활어천국,일식,0,0,5,0,"44,800"
(주)란체스터에프앤비,싸움의고수,기타 외식,"224,182","16,513",41,47,"79,000"
(주)올림엔터프라이즈,싹쓰리냉면,한식,"38,176","1,988",14,0,"48,800"
(주)플랜트,썸씽바이트,분식,0,0,0,0,"55,350"
(주)신참에프엔씨,씨네마얼음맥주,기타 외식,"145,346","5,818",4,0,"80,300"
레드립F&B,씨에씨에마라탕,중식,"289,470","20,102",11,0,"79,800"
아가(AGA),아가젤라또(a.ga gelato),아이스크림/빙수,0,0,0,0,"89,700"
(주)바른에프앤디,아구킹,한식,0,0,1,0,"154,000"
아낙촌FC,아낙촌,기타 외식,"282,582","8,477",1,0,"115,500"
아담만두,아담만두,한식,0,0,4,0,"59,430"
아뜨베,아뜨베(Attube),제과제빵,0,0,0,0,"113,500"
아랑,아랑경양회관,일식,"207,936","9,112",2,1,"67,900"
딜리셔스피플,아롱포차,기타 외식,0,0,0,0,"104,500"
(주)맛있는도전,아르떼로제떡볶이,분식,0,0,24,0,880
민선기획,아무술집,주점,"180,656","8,323",2,3,"74,800"
아벡데프리츠,아벡 데 프리츠,주점,"56,272","48,518",1,4,"44,350"
더제이푸드,아뵤오반점,중식,0,0,0,0,"108,700"
쿠산코리아(주),아비꼬,기타 외식,"374,542","15,642",11,9,"122,900"
수혈컴퍼니,아아수혈,커피,"246,330","27,373",8,1,"61,700"
(주)올림엔터프라이즈,안국밥,한식,0,0,0,0,"62,300"
안나스낵,안나스낵(ANNASNACK),기타 외식,0,0,1,0,"76,360"
(주)제이오푸드,안동한우곱창,기타 외식,"46,614","1,408",0,4,"85,600"
안주일체,안주일체,한식,"354,019","11,020",10,0,"107,600"
(주)용형,안춘배씨,주점,0,0,1,0,"73,150"
꿈꾸는식탁,알맞은치킨,치킨,0,0,0,0,"65,700"
(주)알통컴퍼니,알통떡강정,치킨,"105,837","9,661",39,48,"38,600"
이동유통(주),애주당愛酒堂,주점,0,0,0,0,"97,700"
야곱293,야곱293,한식,0,0,0,0,"51,750"
(주)제이케이글로벌,야들리애,치킨,"135,158","7,347",7,8,"124,220"
야키야(YAKI-YA),야키야(YAKI-YA),일식,0,0,0,0,"97,400"
(주)청춘에프앤비,양꼬치잇데이,기타 외식,0,0,0,0,"33,900"
(주)이드림브릿지,양마니찌개마을,한식,0,0,1,0,"84,950"
(주)양파이,양파이,한식,,,0,0,"97,900"
엔타민푸드,어가반상,한식,0,0,2,0,"138,700"
서치온,어게인리프레쉬,기타 외식,0,0,0,0,"139,720"
제이엠인터내셔널(주),어구미,한식,"12,838",713,0,0,"148,200"
어몽더월넛,어몽더월넛,기타 외식,0,0,0,0,"92,300"
㈜어물전,어물전,한식,0,0,0,0,"267,900"
어죽이네철렵국,어죽이네철렵국,한식,"155,670","4,315",1,1,"17,500"
(주)커피온리,언노운  커피&베이커리,커피,0,0,0,0,"157,086"
프렌드푸드컴퍼니(FRIENDFOODCOMPANY),엄청큰조선의갈비탕&냉면,한식,0,0,0,0,"38,300"
(주)올림엔터프라이즈,엉망진창 떡볶이,분식,0,0,0,0,"42,800"
(주)엉클컴퍼니,엉클부대찌개,기타 외식,"216,476","6,159",2,7,"73,050"
(주)산들그린,에그폭탄덮밥,한식,"69,879","5,490",34,20,"31,460"
에밀리아코리아(주),에밀리아(emilia),아이스크림/빙수,0,0,1,0,"53,600"
서가김푸드FC,"에스가든, 청담(S.GARDEN, CHEONGDAM)",서양식,0,0,1,0,"115,200"
에이셉피자(ASAPPIZZA),에이셉피자,피자,0,0,7,0,"65,700"
엔타스시,엔타스시,일식,0,0,0,2,"110,525"
JK푸드,엠단테 파스타,기타 외국식,"262,415",0,10,0,"45,505"
(주)더푸드365,여우곰탕,한식,0,0,0,0,"53,840"
미키코리아,역전총각맥주,주점,0,0,0,1,"76,450"
역전화로,역전화로,한식,0,0,0,0,"94,450"
(주)오하푸드,연들,한식,0,0,0,0,"109,750"
삼산이수,연탄꽃갈비,한식,0,0,0,0,"107,303"
열이네식육식당,열이네식육식당,기타 외식,,,0,0,"119,000"
(주)자력갱생,열정도,기타 외식,0,0,0,0,"64,162"
(주)영구스피자,영구스피자,피자,"113,539","7,823",6,6,"90,800"
영삼이네우정소갈비,영삼이네우정소갈비,한식,0,0,0,0,"98,900"
옐로우팜,옐로우팜(YELLOW FARM),커피,0,0,0,0,"160,850"
옐로우피자,옐로우피자(YELLOW PIZZA),피자,"361,872","32,462",15,9,"53,684"
그집푸드,오!필승 아구찜 오!필승 해물찜,한식,0,0,0,0,"52,800"
(주)신들의정원,오고가든,한식,0,0,0,0,"104,200"
오늘도빙수본점,오늘도빙수,음료 (커피 외),0,0,3,0,"46,350"
(주)올림엔터프라이즈,오늘도후라이드,치킨,"73,456","3,939",3,13,"42,800"
(주)대현푸드빌,오늘통닭,치킨,"154,612","5,696",31,36,"60,200"
다우,오들리샷,커피,,,0,0,"37,900"
(주)에이치앤비푸드,오떡,분식,"150,943","9,017",5,25,"54,404"
오리총재,오리총재,중식,0,0,0,0,"13,800"
오백제작소,오백국수,분식,"117,086","9,677",4,1,"58,130"
(주)누들앤푸드,오별난멸치국수,분식,"239,478","9,384",3,5,"84,700"
오빠네견과류,오빠네견과류,기타 외식,0,0,0,0,"42,400"
오사이협동조합,오사이초밥,일식,0,0,0,0,"78,320"
오아워5hour,오아워(5hour),서양식,0,0,0,0,"82,685"
513에프엔비,오일삼낙곱새,한식,0,0,2,0,"30,170"
(주)이든에프엔씨,오잘전맥집,한식,0,0,1,0,"75,600"
(주)얌얌레시피,오치킨,치킨,0,0,0,0,"33,000"
오티티프라이빗(OTTPRIVATE),오티티프라이빗(OTT PRIVATE),기타 외식,0,0,0,0,"252,890"
(주)옥소반,옥소반,기타 외식,0,0,1,2,"131,534"
(주)마음모음,옥희(okk-hee),한식,"516,803","7,937",5,0,"182,300"
만만쿡,옥희이모네,주점,0,0,0,0,"49,520"
(주)자력갱생,온가솥밥,한식,0,0,16,0,"47,651"
민푸드,온고지신 통닭元,치킨,"160,248","14,628",0,5,"28,500"
(주)감스(Gam's),온스(OWNCE),한식,0,0,0,0,"63,200"
출사표협동조합,온유월식당,기타 외식,0,0,0,0,"104,000"
다림식품,올림죽,한식,0,0,0,0,"71,610"
(주)돌우물,와드커피(WAD COFFEE),커피,0,0,1,0,"92,450"
그집푸드,와우당 냉면,한식,0,0,0,0,"52,800"
와이블랙,와이블랙,기타 외식,"58,618","5,085",13,15,"61,520"
와줘서고마워요,와줘서 고마워요,서양식,0,0,0,0,"73,200"
(주)빌리언스,와플레이,기타 외식,0,0,0,0,"60,300"
와플스튜디오,와플스튜디오,커피,,,0,0,"59,300"
엘엠에프엔씨,와피(wapi),제과제빵,"124,493","7,380",5,0,"28,050"
(주)투썬에프엔씨(F&C),완벽한 인생,기타 외식,"248,655","6,066",1,0,"154,800"
(주)더도이종가집,완수고기,한식,0,0,0,0,"115,200"
달콤나라앨리스,왕가탕후루,기타 외국식,"137,920","14,449",0,5,"58,200"
제이비패밀리컴퍼니,왕비돈까스,분식,0,0,0,0,"99,000"
(주)티오엘드림,왕사탕,중식,0,0,2,0,"47,240"
(주)왕손,왕손피자,피자,"267,835","24,155",25,17,"44,280"
요리잘하는닭,요리잘하는닭,치킨,0,0,0,0,"95,040"
닭터박,용궁찜닭,한식,0,0,0,0,"56,000"
(주)아지트메이커,용용선생,주점,0,0,9,0,"267,300"
(주)용마을,용우동,분식,"179,438","10,632",10,21,"103,000"
칠연푸드시스템,용추골미궁순대,한식,"70,292","2,302",3,3,"85,200"
(주)케이푸드홀딩스,용호동낙지 한상,한식,,,0,0,"106,700"
(주)케이푸드홀딩스,용호동낙지,기타 외식,"470,957","11,920",2,6,"146,500"
(주)아이언가이즈,우겹다짐,한식,"18,504",718,15,5,"35,633"
더라인,우리동네맛집 청해코다리,기타 외식,0,0,0,3,"108,700"
일당백,우리소 새벽육회,한식,0,0,0,0,"40,950"
우밀타(宇milta),우밀타(宇milta),커피,0,0,0,0,"92,300"
엘에스리테일,우스블랑(Ours Blanc),제과제빵,0,0,0,0,"263,700"
동탄고기집우심,우심,한식,0,0,1,2,"115,600"
우키샌드위치,우키샌드위치,기타 외식,0,0,1,0,"81,300"
(주)에이치앤비푸드,우포키친,서양식,0,0,0,0,"89,900"
웁스에프엔씨(웁스F&C),웁스떡볶이,분식,"43,030","1,919",0,6,"42,920"
(주)웅자네푸드,웅이네 오돌뼈,기타 외식,"295,015","15,196",22,24,"61,050"
(주)워크업,워크업커피,커피,0,0,0,0,"59,159"
굿푸드,원셰프의 행복식탁,한식,0,0,37,1,"71,830"
(주)더블유엔씨,월남국수,기타 외국식,"116,469","6,003",0,0,"51,720"
(주)맛있는상상,월선네,한식,"236,328","9,605",2,4,"66,500"
월수금,월수금,한식,"236,846","6,298",0,3,"79,000"
(주)유에프오키친,위대한짜글이,한식,0,0,0,0,"23,100"
바비,위스키브라더스,주점,0,0,0,0,"127,900"
(주)에스와이네트웍스,윙글,치킨,,,0,0,"67,450"
유라아구찜,유라아구찜,한식,0,0,0,0,"110,800"
(주)유로코푸드,유로코피자(EUROKO PIZZA),피자,"204,012","13,738",50,54,"65,900"
(주)호윤크리에이티브,유미카츠,일식,"276,228","13,986",16,1,"59,100"
(주)청년부름,유부남,일식,"129,074","7,171",0,0,"76,885"
(주)정담에프앤비,육감만족,기타 외식,"400,665","17,501",6,30,"136,000"
육더미샤브&국밥본점,육더미샤브&국밥,한식,"152,082","4,923",6,0,"96,600"
(주)병천아우내식품,육미명가옛날아우내순대&보쌈,기타 외식,"231,205","7,948",7,28,"17,500"
(주)네오플레이트,육미찬탄,한식,0,0,0,0,"124,000"
(주)우브라더스,육연사,한식,0,0,0,0,"77,900"
(주)마루에프씨,육장갈비,기타 외식,"255,118","5,209",12,11,"124,900"
㈜커머스인터네셔널,육즙이 가득한 집,한식,0,0,0,0,"108,500"
육천돈까스,육천돈까스,기타 외식,0,0,0,0,"65,350"
육회천지,육회천지,한식,"220,166","13,900",0,0,"83,380"
(주)씨앤에이치글로벌,육회한연어,기타 외식,"107,068","9,422",5,1,"67,650"
(주)알겟지,은행나무 그늘아래,커피,0,0,0,0,"12,700"
프라프에프엔비,이나타코야끼,일식,0,0,55,0,"3,300"
(주)에이치디컴퍼니(HD),이든편백찜,한식,0,0,0,0,"99,800"
(주)이딸리아나에프엔비,이딸리아나,서양식,"291,896","20,533",2,2,"57,660"
(주)이음에프앤비,이륜당,커피,"334,080","25,402",11,1,"60,600"
이바닭,이바닭,한식,0,0,0,0,"52,050"
(주)이바돔,이바돔 외식 Family,한식,"426,547","3,463",0,2,"244,800"
(주)이바돔,이바돔감자탕,한식,"388,463","3,697",0,8,"244,800"
이바우국밥,이바우국밥,한식,0,0,0,0,"42,800"
(주)투앤써티,이분삼십초커피,커피,0,0,1,0,"63,000"
(주)그레이스식품,이섭감자탕,한식,0,0,0,0,"159,900"
(주)한국인,이천가든,한식,0,0,0,0,"72,850"
육식주위에프앤비(주),이춘식 명가돌곱창,한식,0,0,0,0,"67,500"
여러분의f&b,이치진,한식,,,0,0,"74,700"
주명연구개발,익스브루,커피,0,0,0,0,"32,800"
(주)인더비엣,인더비엣,기타 외식,"667,919","18,383",3,0,"126,918"
(주)산들그린,인생김치찌개,한식,"91,818","7,214",44,0,"49,300"
(주)산들그린,인생냉면,한식,"45,047","3,457",56,0,"31,460"
쉐프의연구소,인생대박집쪽갈비,한식,0,0,36,13,"58,400"
(주)아이언가이즈,인생부처스,서양식,0,0,0,0,"103,850"
인생푸드,인생아구찜,한식,"322,412","20,668",21,2,"44,350"
디알푸드,인생짜글이&비빔밥,한식,"107,780","3,917",12,1,"61,400"
미나(MINA),인생치킨,치킨,0,0,2,0,"36,300"
두레푸드,인정국물떡볶이,분식,"126,679","9,714",4,13,"39,830"
YSF&B,인찜 인생 최고의 찜닭,한식,0,0,0,0,"30,000"
푸드에빠지다,인천상륙덮글이,한식,0,0,0,0,"53,000"
(주)일공공코리아,일공공샤브,기타 외국식,"445,254","8,064",12,5,"185,400"
일품백송칼국수,일백송칼국수,분식,0,0,0,0,"48,350"
(주)마루벌,임성근 국가공인진갈비,한식,"865,608","5,599",0,1,"316,900"
동태마을,임수봉의 능이동태탕,한식,0,0,0,0,"112,758"
(주)아이언가이즈,잇(eat)더밥,한식,0,0,1,1,"35,633"
우버금,자이언트덮밥,한식,0,0,0,0,"28,500"
쓰리스타에프엔비,작은동경,일식,0,0,3,0,"3,200"
(주)파리크라상,잠바주스,음료 (커피 외),"342,752","26,882",5,1,"151,050"
(주)제이비낭만,장궁순대국,한식,0,0,0,0,"64,600"
제이원,장모님떡볶이,분식,0,0,0,0,"66,540"
하율푸드(주),장터순대국감자탕,한식,"392,497","10,697",7,5,"16,850"
(주)계주,장터옛날통닭,치킨,"192,972","11,271",0,7,"34,020"
(주)전광수커피,전광수커피,커피,"222,193","7,098",0,1,"211,900"
(주)아이언가이즈,전도사,한식,0,0,0,0,"71,600"
양파(onion),전설의짬뽕,중식,"481,197","5,116",1,13,"95,755"
(주)시원전설의푸드,전설의치킨,치킨,"185,439","12,071",8,8,"50,950"
(주)더불어함께하는세상,전초전,한식,0,0,0,0,"84,600"
농업회사법인(주)정담,정도너츠,제과제빵,"121,592","3,677",1,3,"144,650"
(주)우리의맛남,정성순대,한식,"423,255","9,250",7,0,"74,823"
(주)파운더스유니온,정성식,일식,0,0,0,0,"106,100"
만남컴퍼니,정성육회,한식,"471,500","16,599",5,1,"112,650"
정안정,정안정,한식,0,0,0,0,"149,300"
(주)채정,정직유부,한식,"264,866","18,825",54,7,"63,640"
(주)정직한푸줏간,정직한푸줏간육화몽,기타 외식,"636,888","16,219",0,0,"110,600"
닭터박,제니로제떡볶이,분식,0,0,0,0,"56,000"
(주)제이비비,제비파스타&리조또,서양식,0,0,0,0,"56,450"
망고트리,제일교동짬뽕,기타 외식,0,0,0,0,"90,400"
(주)이바돔,제주도야지판,한식,"39,298",331,0,0,"253,600"
올래밥상에프엔비(주),제주생선구이 올래밥상,한식,"66,773","2,153",12,3,"55,050"
조스해물포차,조s해물포차,한식,0,0,2,0,"116,520"
은솔,조리미숯불곱창알찜,기타 외식,0,0,0,0,"50,300"
(주)디에이치푸드,조방낙지,한식,0,0,1,1,"107,000"
(주)이바돔,조선갈비실록,한식,0,0,2,0,"421,500"
내조국국밥(주),조선다방,커피,0,0,0,0,"48,404"
(주)자주에프엔비(JAJUF&B),조선제일빵,제과제빵,0,0,0,0,"16,000"
(주)이바돔,조선화로집,한식,"432,130","4,233",0,11,"133,500"
풍원식품,족9,한식,"374,680","11,709",1,0,"48,850"
(주)누구나꽃이피었습니다,종로계림닭도리탕원조,기타 외식,"263,374","10,714",5,7,"72,600"
(주)맛있는상상,좋구먼반상,한식,0,0,0,0,"118,050"
(주)아이언가이즈,주당맛집,기타 외식,0,0,0,0,"35,633"
엔타스시,주당포,주점,0,0,0,0,"67,120"
(주)호수코리아,주식커피,커피,0,0,0,0,"84,500"
푸드토피아,죽토피아,한식,0,0,5,0,"3,410"
(주)영웅에프앤비,준식당,한식,0,0,4,0,"136,800"
(주)줄벼락,줄벼락,한식,"374,991","13,233",5,1,"96,940"
(주)네오플레이트,중화 요란방,중식,0,0,0,0,"117,400"
위키스마일,지단분식,분식,0,0,0,0,"52,600"
(주)더블유엔씨,지지고(GGGO),분식,"109,699","14,707",3,6,"40,710"
지피지기(ZPZG),지피지기숯불두마리치킨,치킨,0,0,0,0,"36,200"
(주)지호,지호한방삼계탕,한식,"414,319","8,878",10,5,"120,450"
(주)호랑이푸드,직화방이,기타 외식,"440,052","14,521",1,2,"106,800"
진갈매갈,진갈매갈,한식,0,0,0,0,"66,900"
푸드챔피언,진리국밥,한식,0,0,0,0,"11,250"
베스트프랜차이즈컨설팅,진미대왕통닭,치킨,"173,270","12,296",9,0,"39,300"
진미면막국수,진미면막국수,분식,"295,284","5,748",2,1,"62,400"
진배기,진배기 원조할매국밥,한식,"224,030","5,872",0,0,"74,000"
나노그램(주),진서성심쿡 나100%두부,기타 외식,0,0,0,0,"79,000"
(주)메이에프앤에스,집으로돼지,한식,"52,835","3,601",1,14,"34,350"
(주)음식생각,짚신매운갈비찜,한식,"288,637","12,499",21,9,"79,825"
(주)제이스타임,짠앤짠스,주점,0,0,0,0,"78,870"
(주)고구려푸드,짬뽕10101,중식,"403,732","9,649",9,7,"84,400"
양파(onion),짬뽕9단,중식,"724,799","33,315",0,1,"95,755"
짬뽕갑,짬뽕갑,중식,0,0,1,0,"65,250"
(주)짬뽕관,짬뽕관,중식,0,0,7,0,"145,700"
(주)짬뽕상회,짬뽕상회,기타 외식,"232,778","7,904",6,2,"60,975"
투맨홀딩스(주),짬뽕지존,중식,"1,099,143","16,472",16,2,"151,250"
(주)대명코리아,짬뽕타운,중식,"784,397","4,228",2,2,"98,220"
(주)함께담는물,쪽찌,한식,"198,384","7,322",5,6,"86,700"
미라클KL,쭈꾸쭈꾸아,한식,0,0,0,0,"205,530"
쭈대표,쭈대표,한식,0,0,0,0,"73,650"
㈜딜리버링,찌개엔,한식,0,0,0,0,"40,050"
㈜아이언가이즈,찐분식,분식,"7,847",570,3,19,"35,633"
(주)얌얌레시피,"찜닭, 삼겹, 떡볶이파는집",기타 외식,"90,596",0,4,13,"38,800"
그집푸드,찜닭영웅 일찜애,한식,0,0,13,13,"52,800"
씨밀레,찜반장,한식,0,0,0,0,"46,100"
KJM푸드,찜생찜사,한식,0,0,2,0,"48,600"
(The)착한,착한국밥,한식,0,0,0,0,"35,600"
서가김푸드FC,착한쭝식,중식,"327,259","11,790",30,26,"98,360"
(주)씨앤에이치글로벌,참치라이더,기타 외식,"225,289","11,885",14,24,"56,890"
(주)와이에스컴퍼니,참토스트,기타 외식,0,0,2,0,"54,700"
참한국밥,참한국밥,한식,"228,317","8,850",0,0,"76,620"
채돈이,채돈이,한식,0,0,0,0,"72,700"
(주)채선당,채선당,한식,"383,539","5,386",3,18,"379,280"
(주)채선당,채선당키친,기타 외식,0,0,0,0,"55,470"
(주)채움에프앤비,채우다,커피,"166,371","12,868",4,2,"70,109"
(주)아이언가이즈,"챙길,밥",한식,"78,728","4,031",93,39,"77,450"
(주)하나유통,천안당 호두과자,제과제빵,0,0,0,0,"82,600"
더(the)착한,천재치킨&탕수육,치킨,0,0,0,0,"51,300"
천지감자탕,천지감자탕,한식,"756,604","18,070",2,0,"100,900"
(주)아이언가이즈,철든놈익스프레스(철든놈EXP),한식,"25,957","1,508",3,4,"35,633"
(주)브라더푸드시스템,철뚝집,한식,"332,170",0,4,0,"83,300"
청기와뼈다귀해장국,청기와뼈다귀해장국,한식,"555,403","8,234",1,1,"130,490"
(주)제이에스와이푸드,청기와타운,한식,0,0,1,0,"258,000"
(주)비에스비푸드,청년피자,피자,"351,902","30,145",77,62,"50,776"
(주)금탑에프앤비,청담동말자싸롱,기타 외식,"77,711","15,547",3,43,"75,900"
(주)청춘에프앤비,청떡,분식,0,0,0,0,"59,500"
늘솜에프앤비,청연돈가스,일식,0,0,0,0,"13,800"
(주)아연푸드,청춘꼬마김밥앤떡볶이,분식,"297,868","22,600",18,2,"62,700"
(주)청춘에프앤비,청춘닭꼬치,기타 외식,"372,270","38,564",10,0,"64,600"
(주)지씨티(GCT),초밥만,일식,0,0,0,0,"77,740"
(주)빅토리어스,최고당 돈가스,기타 외식,"267,733","13,013",46,9,"60,364"
(주)초이키친컴퍼니,최쉐프의 아구왕,한식,0,0,0,0,"96,600"
(주)드림필드코리아,추억담은,제과제빵,0,0,0,0,"8,700"
(주)마루벌,축제갈비,한식,"350,155","4,461",0,2,"173,100"
(주)씨엠치킨,충만치킨,치킨,"178,191","6,306",8,36,"87,170"
(주)취향에프앤비,취향마라,중식,0,0,0,0,"83,555"
아성푸드컨설팅,치고야,기타 외식,0,0,0,0,"54,380"
(주)아이언가이즈,치교치밥&치킨,기타 외식,"48,088","2,422",98,83,"35,633"
㈜아이언가이즈,치교치킨,치킨,"10,840",614,45,49,"35,633"
(주)본푸드시스템,치라시스시,일식,0,0,0,0,"67,500"
(주)동동에프엔씨,치박스,치킨,0,0,0,0,"73,500"
퍼스트프랜차이즈,치쌩피쌩,주점,0,0,0,0,"76,040"
(주)맥스어스,치앗간,한식,0,0,10,0,"16,831"
(주)치어스,치어스,주점,"132,843","3,584",0,16,"104,542"
(주)한송에프에스,치요남치킨,치킨,"118,706",0,5,115,"33,000"
씨케이푸드,치칵치칵,치킨,"133,312","7,475",0,5,"51,930"
(주)비에스비푸드,치킨人류,치킨,"235,980","17,185",41,12,"37,300"
치킨공방외식사업부,치킨공방,치킨,"87,300","5,456",0,0,"69,100"
(주)제이앤씨코리아,치킨아울렛,치킨,0,0,2,2,"47,100"
굿푸드,치킨테리아,치킨,0,0,0,1,"71,830"
(주)티오엘드림,치킨히어로,치킨,"113,437","5,218",3,4,"52,200"
(주)아이언가이즈,치탐,치킨,0,0,0,0,"124,000"
(주)칠보에프엔비,칠보덕장,한식,0,0,0,0,"151,754"
쿠산코리아(주),카네마야(kanemaya),일식,0,0,0,0,"66,800"
(주)카모메호스피탈리티그룹,카모메,일식,"158,271","12,789",1,3,"71,300"
카츠공방서초본점,카츠공방,일식,0,0,1,0,"77,230"
(주)신들의정원,카츠루와,기타 외식,"27,784","1,389",45,48,"63,490"
모리,카츠모리,일식,"209,518","14,667",12,0,"68,000"
백'S프랜차이즈,카츠백,일식,"174,073","6,708",10,5,"21,450"
카츠오모이,카츠오모이,일식,"176,118","11,253",5,1,"83,800"
(주)꽃이피다,카페 꽃이피다,커피,"166,829","6,756",3,5,"73,400"
(주)공오일,카페051(cafe051),커피,"175,845","15,213",65,31,"59,100"
지알엔푸드,카페그리닝,음료 (커피 외),"279,086","21,207",10,2,"64,480"
(주)유진에프엔비,카페베르냐노 1882,커피,0,0,0,0,"308,700"
(주)카페보스,카페보스(CAFE BOSS),커피,"99,210","4,641",23,6,"84,700"
카페알앤비(CafeR&B스타샌드),카페알앤비(CAFE R&B),커피,0,0,0,0,"56,100"
(주)아티잔에프앤비,카페에이지이디(카페AGED),커피,0,0,0,0,"195,600"
(주)카페온화,카페온화,커피,"536,445","7,064",6,2,"221,200"
(주)카페원플러스원,카페원플러스원,커피,"49,725","1,512",1,10,"90,950"
(주)중독컴퍼니,카페인중독,커피,"200,123","4,786",42,24,"45,300"
(주)카페인풀,카페인풀,커피,0,0,0,0,"56,070"
(주)웰메이커스,카페코드,커피,0,0,0,0,"95,750"
농업회사법인투이(주),카페투이,커피,0,0,1,1,"52,250"
더블제이푸드,칸죽,한식,0,0,0,2,"56,500"
칸토(KANTO),칸토(KANTO),커피,0,0,0,0,"89,700"
(주)씨제이패밀리,캐치볼클럽,제과제빵,0,0,0,0,"99,350"
(주)포텐,커피닷컴,커피,0,0,0,0,"75,335"
(주)이앤더블유,커피박스,커피,0,0,2,0,"80,980"
(주)재나컴퍼니,커피볶는시골커피,커피,0,0,1,0,"71,500"
커피시장상동점,커피시장,커피,0,0,0,0,"97,400"
(주)커피식구컴퍼니,커피식구,커피,0,0,0,0,"104,000"
(주)커피에반하다,커피에반하다 스마트카페,커피,0,0,34,1,"32,549"
(주)커피에반하다,커피에반하다,커피,"77,085","5,503",34,187,"51,845"
케그샵(kegshop),케그샵,주점,,,0,0,"45,000"
(주)부탁해,케이크를부탁해,제과제빵,0,0,0,4,"82,410"
코끼리샐러드,코샐,기타 외식,0,0,0,0,"51,600"
(주)잇파라다이스,콜삼,기타 외식,0,0,0,0,"73,600"
(주)콩밭뜰,콩밭뜰,한식,0,0,0,0,"110,600"
(주)8푸드,콩불,한식,"190,669","7,413",1,4,"70,250"
(주)청정해,쿡해요,기타 외식,0,0,0,0,"37,550"
(주)아이언가이즈,크라운 부대찌개,한식,0,0,0,0,"125,960"
(주)크래프트한스,크래프트한스(Craft Han's),주점,"200,641","6,590",3,8,"81,650"
(주)크레이저커피그룹,크레이저커피(C.Razer Coffee),커피,"79,175","2,746",8,2,"73,500"
위키스마일,크레이지후라이(CrazyFry),기타 외식,"241,503","6,636",0,3,"99,600"
활식당,큰바우국밥,한식,"446,422","18,731",8,1,"47,300"
(주)큰손에프씨,큰손1치킨2피자,치킨,0,0,1,0,"65,600"
키라키라(KiraKira),키라키라윤,주점,0,0,1,0,"96,800"
(주)더제이케이푸드스토리,키친박스,패스트푸드,"327,249","18,905",1,0,"116,400"
(주)일프로,타코형,분식,0,0,0,0,"111,950"
(주)올바른에프앤비,탄광맥주,주점,"228,081","6,736",9,2,"84,170"
탕면,탕면,중식,0,0,0,0,"62,950"
따봉양꼬치,탕화방마라탕,중식,0,0,0,0,"74,300"
(주)태양부,태양부양꼬치,기타 외식,"399,728","8,435",1,4,"142,500"
(주)지에이엠,터닝테이블,서양식,0,0,0,0,"95,700"
쉐프의연구소,텐미탕수육,중식,0,0,30,9,"58,400"
(주)아이언가이즈,토끼시장분식,분식,0,0,3,0,"35,633"
(주)더블유엔씨,토스트카페마리,제과제빵,0,0,25,6,"66,450"
톱질,톱질,분식,0,0,0,0,"66,350"
(주)해성외식,통큰갈비,기타 외식,"255,875","5,478",1,37,"103,577"
(주)해성외식,통큰갈비두번째이야기,기타 외식,0,0,1,0,"119,550"
(주)해성외식,통큰갈비배달이야기,기타 외식,0,0,0,0,"41,050"
(주)이루에프씨,통파이브,주점,"119,659","3,472",0,10,"89,310"
(주)채선당,투비치킨,치킨,0,0,0,0,"48,650"
(주)티가렛,티가렛,제과제빵,0,0,0,0,"47,000"
(주)강남사람들,티블랙,커피,"64,826","4,947",0,2,"67,800"
(주)솔트앤슈가,티티씨(TTC),치킨,0,0,0,0,"60,750"
(주)파리크라상,파리바게뜨,제과제빵,"716,111","26,555",76,330,"313,802"
(주)파리크라상,파스쿠찌,커피,"291,380","4,377",54,73,"253,918"
파스타 흔,파스타 흔,서양식,0,0,0,0,"23,100"
상우컴퍼니,파스타도 식사다,기타 외국식,0,0,0,0,"47,123"
원푸드,파스타부오노바,서양식,0,0,0,8,"98,500"
신스패밀리,파스타에반하다,서양식,0,0,0,0,"103,200"
파스타왔어요본점,파스타왔어요,서양식,0,0,0,0,"45,000"
파스타이츠,파스타이츠,기타 외식,"181,231","15,739",4,0,"63,250"
닭터박,파스타치요,서양식,0,0,0,0,"56,000"
(주)파운데이,파운데이,제과제빵,"196,520","3,853",6,0,"97,150"
(주)용마을,파육장,한식,0,0,0,1,"101,800"
(주)워크위드에프앤씨,파파1215,기타 외식,"266,154",0,5,1,"89,260"
(주)오에프오에프,판코,일식,0,0,0,0,"62,150"
팔꾸이,팔꾸이팔당닭발,한식,0,0,0,0,"73,940"
팔당반점,팔당반점,중식,0,0,0,0,"203,210"
(주)동동에프엔씨,팔당육칼동동국수,한식,0,0,2,0,"135,100"
(주)얌얌레시피,팔도술집,주점,0,0,0,0,"54,450"
(주)얌얌레시피,팔도족발,한식,0,0,0,0,"54,450"
(주)8푸드,팔색삼겹살,한식,0,0,0,0,"98,600"
팜팜대패체인사업부,팜팜대패,한식,"488,952","10,029",0,1,"120,580"
패스트롤,패스트롤,기타 외국식,0,0,2,0,"63,800"
퍼스트프랜차이즈,퍼스트비어,주점,"41,093","1,177",0,3,"76,040"
엔타스시,펀피쉬,일식,0,0,0,0,"67,120"
(주)네오플레이트,평이담백 뼈칼국수,분식,0,0,1,3,"126,530"
포대포,포대포,한식,,,0,0,"41,600"
(주)데일리킹,포메인,기타 외식,"454,236","11,563",4,16,"185,950"
(주)데일리킹,포메인RED,기타 외식,"302,638","20,352",6,1,"113,790"
포식구리인창점(본점),포식(PHO食),기타 외국식,0,0,1,1,"54,250"
일당백,포차이즈백두꺼비집,주점,0,0,0,0,"94,300"
(주)아이언가이즈,포포콴,기타 외국식,0,0,0,0,"77,250"
(주)대자푸드,폭풍갈비,한식,0,0,0,0,"115,000"
(주)대자푸드,폭풍장어,한식,"351,145","8,778",9,0,"115,000"
(주)진담,풍국면,기타 외식,"369,244","11,116",3,5,"109,500"
(주)켄싱턴월드,프랑제리,제과제빵,"346,879","9,457",4,1,"197,300"
필인스튜디오,프랭크커핀바,커피,0,0,0,0,"96,800"
(주)프레드피자,프레드피자,피자,"309,704","18,657",57,1,"42,416"
꿈꾸는식탁,프렌즈카레,일식,0,0,0,0,"65,700"
프로샌드&샐러드,프로메사,기타 외식,0,0,0,0,"182,300"
(주)씨엠에프인터내셔널,프루츠모닝,커피,0,0,0,0,"152,400"
더플랩잭,플랩잭 팬트리(Flapjack Pantry),기타 외식,"207,605","6,092",1,2,"130,800"
(주)플레어비,플레어비,커피,"247,599","6,391",1,3,"207,400"
플레잉몽크,플레잉몽크,주점,0,0,0,0,"104,950"
피자는여기,피자는 여기,피자,0,0,0,0,"82,110"
JK푸드,피자엠소마,피자,"232,665",0,9,1,"44,405"
피자인류,피자인류,피자,0,0,3,0,"46,300"
54번가푸드컨설팅,피자투어,피자,0,0,0,10,"49,800"
(주)얌얌레시피,피자파는집,피자,"196,590",0,25,50,"54,450"
피자파파오네,피자파파오네,피자,0,0,0,0,"63,150"
피자풀(PIZZAFULL),피자풀(PIZZAFULL),피자,,,2,0,"49,300"
(주)플래넷에프앤디,피자플래넷,서양식,"211,592","17,277",21,16,"37,850"
라이크잇키친(LikeeatKitchen),피치파(PiCHiPA),피자,0,0,0,0,"166,700"
(주)아이언가이즈,피터버거,패스트푸드,0,0,0,0,"72,300"
(주)동양정수커피,핑거커피,커피,"12,391","1,071",10,4,"44,050"
(주)에이치앤유푸드,하누소,한식,"2,511,903","7,893",0,1,"633,730"
(주)에이치앤유푸드,하누소갈비살,한식,,,0,0,"134,100"
(주)웰가코리아,하늘보리피자,피자,"68,449","5,341",1,8,"58,300"
하라식당,하라식당,한식,0,0,0,0,"124,400"
(주)하륜일만족발,하륜동백집,한식,0,0,0,0,"13,200"
(주)아이언가이즈,하마당,기타 외식,0,0,31,0,"116,700"
(주)다이아컴퍼니,하얀고래,주점,0,0,0,0,"63,700"
하와이조개,하와이조개,기타 외식,0,0,1,0,"82,000"
(주)아이언가이즈,하이차이,중식,0,0,0,0,"84,400"
(주)준하컴퍼니,하코쿠진,일식,0,0,0,0,"42,700"
(주)에이치디컴퍼니(HD),하프피자,피자,0,0,0,0,"99,800"
한국의맛B&F,한국의맛 장수촌,한식,"561,431","12,597",8,1,"94,400"
골든내츄럴라이프,한글153,커피,0,0,0,0,"73,550"
다림식품,한끼한죽,한식,"39,316","2,984",45,39,"6,710"
한나에프앤비,한나식빵,제과제빵,"196,167","22,202",2,7,"103,950"
동남F&B,한냥노가리,주점,"136,263","5,875",2,0,"50,050"
(주)에이치디컴퍼니(HD),한다솥,한식,0,0,2,0,"107,500"
(유)앤드웍스,한라맥주,주점,"451,630","9,033",20,0,"72,050"
(주)네오플레이트,한림돈가,한식,"276,102","10,195",3,1,"33,473"
(주)세리스,한식1번가와교실의밥상,한식,0,0,0,0,"38,850"
(주)더콥,한앤둘치킨,치킨,"130,908","5,372",3,5,"122,560"
(주)호박패밀리,한와담,한식,"745,525","11,711",0,1,"200,100"
(주)한입소반,한입소반,분식,0,0,1,0,"75,700"
할멈탕수육,할멈탕수육,분식,"357,857","75,839",0,0,"50,870"
천하푸드,해담 쭈꾸미&코다리,한식,0,0,2,0,"75,620"
핸드메이드,핸드메이드,커피,0,0,2,0,"63,200"
핸섬로스팅하우스,핸섬로스팅하우스,커피,0,0,3,0,"169,100"
(주)채선당,행복가마솥밥&알솥밥,한식,"179,309","11,631",0,6,"131,707"
닭터박,행복한 카레야,기타 외식,0,0,0,0,"56,000"
(주)오앤오,행복한셰프,한식,0,0,0,0,"81,450"
(주)조기종푸드,향미네짬뽕,중식,0,0,0,0,"139,800"
향유,향유,한식,0,0,0,0,"151,700"
헬로우낙곱새,헬로우낙곱새,한식,"288,445","20,816",5,0,"18,500"
㈜헬로에프앤비,헬로팬,기타 외식,"229,549","9,129",1,2,"109,700"
(주)한길에프씨,현죽,기타 외식,"51,255",0,0,0,"55,680"
형제코다리,형제코다리,한식,0,0,0,0,"65,950"
더블에프엔비(주),호기심에훔친뒷고기,한식,"120,882","3,513",3,6,"80,650"
(주)무궁화푸드,호랑이식당,일식,0,0,0,0,"139,800"
(주)스마일에프앤비,호미호식,기타 외식,0,0,0,0,"26,000"
(주)호박패밀리,호박식당,한식,,,0,0,"184,690"
(주)딜리셔스월드에프앤비,혼고집,한식,,,0,0,"117,060"
닭터박,혼밥식탁,한식,0,0,0,0,"56,000"
홍성래,홍성래특허김밥,분식,0,0,0,0,"57,200"
레드립F&B,홍주방,중식,"386,496","22,470",6,3,"79,800"
(주)한밭에프앤지,홍짜장,중식,"197,832","12,113",15,26,"59,450"
(주)석찬,홍콩익스프레스,중식,0,0,0,0,"105,760"
대성땡초불닭,화(火)대성땡초불닭,기타 외식,0,0,1,0,"30,085"
화를품은닭본점,화를품은닭,한식,0,0,2,0,"68,250"
세종화백곰탕&냉면본점,화백곰탕&냉면,한식,,,0,0,"122,000"
황철수피자,황철수피자,피자,0,0,0,3,"36,190"
효브라더스,효형제돈까스,분식,"339,142","7,452",2,1,"172,400"
(주)초록뱀이앤엠,후라이드 참 잘하는집,치킨,"437,912","37,330",34,7,"35,600"
(주)후레쉬빌,후레쉬빌,기타 외식,0,0,0,0,"103,300"
(주)음식생각,후즈티(WHO'S TEA),음료 (커피 외),,,0,3,"81,079"
푸드리퍼블릭코리아(유),후쿠오카함바그,일식,"247,229","7,173",0,0,"150,500"
(주)아이언가이즈,훌륭회,일식,0,0,0,0,"61,850"
정상FC,흑돼지 삼백식당,한식,"313,134","5,140",2,4,"108,460"
(주)젠푸드,히노아지,일식,"207,053","9,650",9,3,"75,600"
(주)삼원글로벌,힐스커피(HILLS COFFEE),커피,0,0,0,0,"66,500"
